Metric,Value
design__lint_error__count,0
design__lint_timing_construct__count,0
design__lint_warning__count,112
design__inferred_latch__count,0
design__instance__count,180184
design__instance__area,8.95021E+6
design__instance_unmapped__count,0
synthesis__check_error__count,0
design__max_slew_violation__count__corner:nom_tt_025C_3v30,0
design__max_fanout_violation__count__corner:nom_tt_025C_3v30,12
design__max_cap_violation__count__corner:nom_tt_025C_3v30,72
power__internal__total,0.0025129681453108788
power__switching__total,0.00045273450086824596
power__leakage__total,1.1304565816772083E-7
power__total,0.002965815830975771
clock__skew__worst_hold__corner:nom_tt_025C_3v30,-0.25714894830235235
clock__skew__worst_setup__corner:nom_tt_025C_3v30,0.25714422985436425
timing__hold__ws__corner:nom_tt_025C_3v30,0.5211708434553295
timing__setup__ws__corner:nom_tt_025C_3v30,27.495404065126127
timing__hold__tns__corner:nom_tt_025C_3v30,0.0
timing__setup__tns__corner:nom_tt_025C_3v30,0.0
timing__hold__wns__corner:nom_tt_025C_3v30,0
timing__setup__wns__corner:nom_tt_025C_3v30,0.0
timing__hold_vio__count__corner:nom_tt_025C_3v30,0
timing__hold_r2r__ws__corner:nom_tt_025C_3v30,0.521171
timing__hold_r2r_vio__count__corner:nom_tt_025C_3v30,0
timing__setup_vio__count__corner:nom_tt_025C_3v30,0
timing__setup_r2r__ws__corner:nom_tt_025C_3v30,37.027473
timing__setup_r2r_vio__count__corner:nom_tt_025C_3v30,0
design__max_slew_violation__count__corner:nom_ff_n40C_3v60,0
design__max_fanout_violation__count__corner:nom_ff_n40C_3v60,12
design__max_cap_violation__count__corner:nom_ff_n40C_3v60,72
clock__skew__worst_hold__corner:nom_ff_n40C_3v60,-0.2565215057422402
clock__skew__worst_setup__corner:nom_ff_n40C_3v60,0.256904976785791
timing__hold__ws__corner:nom_ff_n40C_3v60,0.35466625085112474
timing__setup__ws__corner:nom_ff_n40C_3v60,28.877878683484177
timing__hold__tns__corner:nom_ff_n40C_3v60,0.0
timing__setup__tns__corner:nom_ff_n40C_3v60,0.0
timing__hold__wns__corner:nom_ff_n40C_3v60,0
timing__setup__wns__corner:nom_ff_n40C_3v60,0.0
timing__hold_vio__count__corner:nom_ff_n40C_3v60,0
timing__hold_r2r__ws__corner:nom_ff_n40C_3v60,0.354666
timing__hold_r2r_vio__count__corner:nom_ff_n40C_3v60,0
timing__setup_vio__count__corner:nom_ff_n40C_3v60,0
timing__setup_r2r__ws__corner:nom_ff_n40C_3v60,37.623592
timing__setup_r2r_vio__count__corner:nom_ff_n40C_3v60,0
design__max_slew_violation__count__corner:nom_ss_125C_3v00,12
design__max_fanout_violation__count__corner:nom_ss_125C_3v00,12
design__max_cap_violation__count__corner:nom_ss_125C_3v00,72
clock__skew__worst_hold__corner:nom_ss_125C_3v00,-0.25822508751055684
clock__skew__worst_setup__corner:nom_ss_125C_3v00,0.2575003894107369
timing__hold__ws__corner:nom_ss_125C_3v00,0.7792938737114612
timing__setup__ws__corner:nom_ss_125C_3v00,24.497489175047647
timing__hold__tns__corner:nom_ss_125C_3v00,0.0
timing__setup__tns__corner:nom_ss_125C_3v00,0.0
timing__hold__wns__corner:nom_ss_125C_3v00,0
timing__setup__wns__corner:nom_ss_125C_3v00,0.0
timing__hold_vio__count__corner:nom_ss_125C_3v00,0
timing__hold_r2r__ws__corner:nom_ss_125C_3v00,0.779294
timing__hold_r2r_vio__count__corner:nom_ss_125C_3v00,0
timing__setup_vio__count__corner:nom_ss_125C_3v00,0
timing__setup_r2r__ws__corner:nom_ss_125C_3v00,36.079872
timing__setup_r2r_vio__count__corner:nom_ss_125C_3v00,0
design__max_slew_violation__count,12
design__max_fanout_violation__count,12
design__max_cap_violation__count,72
clock__skew__worst_hold,-0.2556127326597314
clock__skew__worst_setup,0.25594121990643265
timing__hold__ws,0.350893934951365
timing__setup__ws,24.439437831894242
timing__hold__tns,0.0
timing__setup__tns,0.0
timing__hold__wns,0
timing__setup__wns,0.0
timing__hold_vio__count,0
timing__hold_r2r__ws,0.350894
timing__hold_r2r_vio__count,0
timing__setup_vio__count,0
timing__setup_r2r__ws,36.020508
timing__setup_r2r_vio__count,0
design__die__bbox,0.0 0.0 1936.0 5122.0
design__core__bbox,442.4 442.96 1493.52 4676.56
design__io,58
design__die__area,9.91619E+6
design__core__area,4.45002E+6
design__instance__count__stdcell,33599
design__instance__area__stdcell,185126
design__instance__count__macros,6
design__instance__area__macros,124793
design__instance__count__padcells,850
design__instance__area__padcells,4.3779E+6
design__instance__count__cover,0
design__instance__area__cover,0
design__instance__utilization,0.0696442
design__instance__utilization__stdcell,0.0428013
design__rows,1100
design__rows:unithd,1100
design__sites,2026020
design__sites:unithd,2026020
design__instance__count__class:macro,6
design__instance__area__class:macro,124793
design__instance__count__class:input_pad,6
design__instance__area__class:input_pad,157500
design__instance__count__class:input_output_pad,48
design__instance__area__class:input_output_pad,1.26E+6
design__instance__count__class:power_pad,18
design__instance__area__class:power_pad,472500
design__instance__count__class:tie_cell,473
design__instance__area__class:tie_cell,4153.32
design__instance__count__class:buffer,4
design__instance__area__class:buffer,52.6848
design__instance__count__class:inverter,78
design__instance__area__class:inverter,684.902
design__instance__count__class:sequential_cell,152
design__instance__area__class:sequential_cell,12345.8
design__instance__count__class:multi_input_combinational_cell,387
design__instance__area__class:multi_input_combinational_cell,8818.12
flow__warnings__count,0
flow__errors__count,0
flow__warnings__count:IFP-0028,1
flow__warnings__count:ODB-0220,92
flow__warnings__type_count,0
flow__warnings__count:ORD-0039,1
design__instance__count__class:pad_spacer,778
design__instance__area__class:pad_spacer,2.4879E+6
flow__warnings__count:PAD-0033,4
design__instance__count__class:tap_cell,30914
design__instance__area__class:tap_cell,135725
design__power_grid_violation__count__net:VSS,0
design__power_grid_violation__count__net:VDD,0
design__power_grid_violation__count,0
timing__drv__floating__nets,0
timing__drv__floating__pins,0
design__instance__displacement__total,1988.9
design__instance__displacement__mean,0.059
design__instance__displacement__max,14.56
route__wirelength__estimated,99880.8
design__violations,0
design__instance__count__class:timing_repair_buffer,1562
design__instance__area__class:timing_repair_buffer,22175.9
flow__warnings__count:STA-1140,60
design__instance__count__class:clock_buffer,29
design__instance__area__class:clock_buffer,1170.04
design__instance__count__setup_buffer,0
design__instance__count__hold_buffer,98
global_route__vias,12406
global_route__wirelength,128847
antenna__violating__nets,0
antenna__violating__pins,0
route__antenna_violation__count,0
antenna_diodes_count,0
route__net,2725
route__net__special,58
route__drc_errors__iter:0,246
route__wirelength__iter:0,95739
route__drc_errors__iter:1,61
route__wirelength__iter:1,95256
route__drc_errors__iter:2,46
route__wirelength__iter:2,95230
route__drc_errors__iter:3,0
route__wirelength__iter:3,95379
route__drc_errors,0
route__wirelength,95379
route__vias,10742
route__vias__singlecut,10742
route__vias__multicut,0
flow__warnings__count:DRT-0349,8
design__disconnected_pin__count,0
design__critical_disconnected_pin__count,0
route__wirelength__max,3223.46
design__instance__count__class:fill_cell,145729
design__instance__area__class:fill_cell,4.26239E+6
timing__unannotated_net__count__corner:nom_tt_025C_3v30,3558
timing__unannotated_net_filtered__count__corner:nom_tt_025C_3v30,0
design__max_slew_violation__count__corner:min_tt_025C_3v30,0
design__max_fanout_violation__count__corner:min_tt_025C_3v30,12
design__max_cap_violation__count__corner:min_tt_025C_3v30,71
clock__skew__worst_hold__corner:min_tt_025C_3v30,-0.2561523010649593
clock__skew__worst_setup__corner:min_tt_025C_3v30,0.25617489410414934
timing__hold__ws__corner:min_tt_025C_3v30,0.5163637441562021
timing__setup__ws__corner:min_tt_025C_3v30,27.532563674900487
timing__hold__tns__corner:min_tt_025C_3v30,0.0
timing__setup__tns__corner:min_tt_025C_3v30,0.0
timing__hold__wns__corner:min_tt_025C_3v30,0
timing__setup__wns__corner:min_tt_025C_3v30,0.0
timing__hold_vio__count__corner:min_tt_025C_3v30,0
timing__hold_r2r__ws__corner:min_tt_025C_3v30,0.516364
timing__hold_r2r_vio__count__corner:min_tt_025C_3v30,0
timing__setup_vio__count__corner:min_tt_025C_3v30,0
timing__setup_r2r__ws__corner:min_tt_025C_3v30,37.064495
timing__setup_r2r_vio__count__corner:min_tt_025C_3v30,0
timing__unannotated_net__count__corner:min_tt_025C_3v30,3558
timing__unannotated_net_filtered__count__corner:min_tt_025C_3v30,0
design__max_slew_violation__count__corner:max_tt_025C_3v30,0
design__max_fanout_violation__count__corner:max_tt_025C_3v30,12
design__max_cap_violation__count__corner:max_tt_025C_3v30,72
clock__skew__worst_hold__corner:max_tt_025C_3v30,-0.2582733267023411
clock__skew__worst_setup__corner:max_tt_025C_3v30,0.258204381850562
timing__hold__ws__corner:max_tt_025C_3v30,0.5270715679757936
timing__setup__ws__corner:max_tt_025C_3v30,27.452469519103552
timing__hold__tns__corner:max_tt_025C_3v30,0.0
timing__setup__tns__corner:max_tt_025C_3v30,0.0
timing__hold__wns__corner:max_tt_025C_3v30,0
timing__setup__wns__corner:max_tt_025C_3v30,0.0
timing__hold_vio__count__corner:max_tt_025C_3v30,0
timing__hold_r2r__ws__corner:max_tt_025C_3v30,0.527072
timing__hold_r2r_vio__count__corner:max_tt_025C_3v30,0
timing__setup_vio__count__corner:max_tt_025C_3v30,0
timing__setup_r2r__ws__corner:max_tt_025C_3v30,36.982960
timing__setup_r2r_vio__count__corner:max_tt_025C_3v30,0
timing__unannotated_net__count__corner:max_tt_025C_3v30,3558
timing__unannotated_net_filtered__count__corner:max_tt_025C_3v30,0
timing__unannotated_net__count__corner:nom_ff_n40C_3v60,3558
timing__unannotated_net_filtered__count__corner:nom_ff_n40C_3v60,0
design__max_slew_violation__count__corner:min_ff_n40C_3v60,0
design__max_fanout_violation__count__corner:min_ff_n40C_3v60,12
design__max_cap_violation__count__corner:min_ff_n40C_3v60,71
clock__skew__worst_hold__corner:min_ff_n40C_3v60,-0.2556127326597314
clock__skew__worst_setup__corner:min_ff_n40C_3v60,0.25594121990643265
timing__hold__ws__corner:min_ff_n40C_3v60,0.350893934951365
timing__setup__ws__corner:min_ff_n40C_3v60,28.905369582708232
timing__hold__tns__corner:min_ff_n40C_3v60,0.0
timing__setup__tns__corner:min_ff_n40C_3v60,0.0
timing__hold__wns__corner:min_ff_n40C_3v60,0
timing__setup__wns__corner:min_ff_n40C_3v60,0.0
timing__hold_vio__count__corner:min_ff_n40C_3v60,0
timing__hold_r2r__ws__corner:min_ff_n40C_3v60,0.350894
timing__hold_r2r_vio__count__corner:min_ff_n40C_3v60,0
timing__setup_vio__count__corner:min_ff_n40C_3v60,0
timing__setup_r2r__ws__corner:min_ff_n40C_3v60,37.653332
timing__setup_r2r_vio__count__corner:min_ff_n40C_3v60,0
timing__unannotated_net__count__corner:min_ff_n40C_3v60,3558
timing__unannotated_net_filtered__count__corner:min_ff_n40C_3v60,0
design__max_slew_violation__count__corner:max_ff_n40C_3v60,0
design__max_fanout_violation__count__corner:max_ff_n40C_3v60,12
design__max_cap_violation__count__corner:max_ff_n40C_3v60,72
clock__skew__worst_hold__corner:max_ff_n40C_3v60,-0.2575370822827385
clock__skew__worst_setup__corner:max_ff_n40C_3v60,0.25793959365170016
timing__hold__ws__corner:max_ff_n40C_3v60,0.3593016541546379
timing__setup__ws__corner:max_ff_n40C_3v60,28.842422599966984
timing__hold__tns__corner:max_ff_n40C_3v60,0.0
timing__setup__tns__corner:max_ff_n40C_3v60,0.0
timing__hold__wns__corner:max_ff_n40C_3v60,0
timing__setup__wns__corner:max_ff_n40C_3v60,0.0
timing__hold_vio__count__corner:max_ff_n40C_3v60,0
timing__hold_r2r__ws__corner:max_ff_n40C_3v60,0.359302
timing__hold_r2r_vio__count__corner:max_ff_n40C_3v60,0
timing__setup_vio__count__corner:max_ff_n40C_3v60,0
timing__setup_r2r__ws__corner:max_ff_n40C_3v60,37.588184
timing__setup_r2r_vio__count__corner:max_ff_n40C_3v60,0
timing__unannotated_net__count__corner:max_ff_n40C_3v60,3558
timing__unannotated_net_filtered__count__corner:max_ff_n40C_3v60,0
timing__unannotated_net__count__corner:nom_ss_125C_3v00,3558
timing__unannotated_net_filtered__count__corner:nom_ss_125C_3v00,0
design__max_slew_violation__count__corner:min_ss_125C_3v00,12
design__max_fanout_violation__count__corner:min_ss_125C_3v00,12
design__max_cap_violation__count__corner:min_ss_125C_3v00,71
clock__skew__worst_hold__corner:min_ss_125C_3v00,-0.2571050389804866
clock__skew__worst_setup__corner:min_ss_125C_3v00,0.256512623957792
timing__hold__ws__corner:min_ss_125C_3v00,0.7727020353386219
timing__setup__ws__corner:min_ss_125C_3v00,24.547644611826605
timing__hold__tns__corner:min_ss_125C_3v00,0.0
timing__setup__tns__corner:min_ss_125C_3v00,0.0
timing__hold__wns__corner:min_ss_125C_3v00,0
timing__setup__wns__corner:min_ss_125C_3v00,0.0
timing__hold_vio__count__corner:min_ss_125C_3v00,0
timing__hold_r2r__ws__corner:min_ss_125C_3v00,0.772702
timing__hold_r2r_vio__count__corner:min_ss_125C_3v00,0
timing__setup_vio__count__corner:min_ss_125C_3v00,0
timing__setup_r2r__ws__corner:min_ss_125C_3v00,36.129745
timing__setup_r2r_vio__count__corner:min_ss_125C_3v00,0
timing__unannotated_net__count__corner:min_ss_125C_3v00,3558
timing__unannotated_net_filtered__count__corner:min_ss_125C_3v00,0
design__max_slew_violation__count__corner:max_ss_125C_3v00,12
design__max_fanout_violation__count__corner:max_ss_125C_3v00,12
design__max_cap_violation__count__corner:max_ss_125C_3v00,72
clock__skew__worst_hold__corner:max_ss_125C_3v00,-0.2594885768594654
clock__skew__worst_setup__corner:max_ss_125C_3v00,0.25858829698333524
timing__hold__ws__corner:max_ss_125C_3v00,0.7873564245666161
timing__setup__ws__corner:max_ss_125C_3v00,24.439437831894242
timing__hold__tns__corner:max_ss_125C_3v00,0.0
timing__setup__tns__corner:max_ss_125C_3v00,0.0
timing__hold__wns__corner:max_ss_125C_3v00,0
timing__setup__wns__corner:max_ss_125C_3v00,0.0
timing__hold_vio__count__corner:max_ss_125C_3v00,0
timing__hold_r2r__ws__corner:max_ss_125C_3v00,0.787356
timing__hold_r2r_vio__count__corner:max_ss_125C_3v00,0
timing__setup_vio__count__corner:max_ss_125C_3v00,0
timing__setup_r2r__ws__corner:max_ss_125C_3v00,36.020508
timing__setup_r2r_vio__count__corner:max_ss_125C_3v00,0
timing__unannotated_net__count__corner:max_ss_125C_3v00,3558
timing__unannotated_net_filtered__count__corner:max_ss_125C_3v00,0
timing__unannotated_net__count,3558
timing__unannotated_net_filtered__count,0
design_powergrid__voltage__worst__net:VDD__corner:nom_tt_025C_3v30,3.29997
design_powergrid__drop__average__net:VDD__corner:nom_tt_025C_3v30,3.3
design_powergrid__drop__worst__net:VDD__corner:nom_tt_025C_3v30,0.0000257741
design_powergrid__voltage__worst__net:VSS__corner:nom_tt_025C_3v30,0.000025799
design_powergrid__drop__average__net:VSS__corner:nom_tt_025C_3v30,0.00000260298
design_powergrid__drop__worst__net:VSS__corner:nom_tt_025C_3v30,0.000025799
design_powergrid__voltage__worst,0.000025799
design_powergrid__voltage__worst__net:VDD,3.29997
design_powergrid__drop__worst,0.000025799
design_powergrid__drop__worst__net:VDD,0.0000257741
design_powergrid__voltage__worst__net:VSS,0.000025799
design_powergrid__drop__worst__net:VSS,0.000025799
ir__voltage__worst,3.29999999999999982236431605997495353221893310546875
ir__drop__avg,0.00000259000000000000018984705300872928290800700779072940349578857421875
ir__drop__worst,0.00002580000000000000031480894280289106745840399526059627532958984375
design__xor_difference__count,0
klayout__antenna_error__count,0
klayout__density_error__count,0
magic__drc_error__count,0
klayout__drc_error__count,0
magic__illegal_overlap__count,0
design__lvs_device_difference__count,0
design__lvs_net_difference__count,0
design__lvs_property_fail__count,0
design__lvs_error__count,0
design__lvs_unmatched_device__count,0
design__lvs_unmatched_net__count,0
design__lvs_unmatched_pin__count,0
